"0","prediction
"
"1"," [1]"
"1"," ""gi"""
"1"," ""gi"""
"1"," ""gi"""
"1"," ""an"""
"1"," ""gi"""
"1"," ""ar"""
"1"," ""gi"""
"1"," ""vi"""
"1"," ""si"""
"1"," ""gi"""
"1"," ""gi"""
"1"," ""ar"""
"1"," ""si"""
"1","
"
"1","[14]"
"1"," ""gi"""
"1"," ""si"""
"1"," ""an"""
"1"," ""ar"""
"1"," ""si"""
"1"," ""gi"""
"1"," ""ar"""
"1"," ""ar"""
"1"," ""ar"""
"1"," ""ar"""
"1"," ""ar"""
"1"," ""ar"""
"1"," ""vi"""
"1","
"
"1","[27]"
"1"," ""an"""
"1"," ""gi"""
"1"," ""gi"""
"1"," ""gi"""
"1"," ""gi"""
"1"," ""an"""
"1"," ""gi"""
"1"," ""an"""
"1"," ""gi"""
"1"," ""gi"""
"1"," ""ar"""
"1"," ""co"""
"1"," ""ar"""
"1","
"
"1","[40]"
"1"," ""an"""
"1"," ""si"""
"1"," ""an"""
"1"," ""an"""
"1"," ""ar"""
"1"," ""co"""
"1"," ""ar"""
"1"," ""ar"""
"1"," ""an"""
"1"," ""gi"""
"1"," ""ar"""
"1"," ""ga"""
"1"," ""ga"""
"1","
"
"1","[53]"
"1"," ""ga"""
"1"," ""ga"""
"1"," ""ga"""
"1"," ""ga"""
"1"," ""ga"""
"1"," ""ga"""
"1"," ""ga"""
"1"," ""ga"""
"1"," ""an"""
"1"," ""an"""
"1"," ""si"""
"1"," ""ar"""
"1"," ""ar"""
"1","
"
"1","[66]"
"1"," ""ar"""
"1"," ""si"""
"1"," ""si"""
"1"," ""si"""
"1"," ""ar"""
"1","
"
